{"is_source_file": true, "format": "JavaScript", "description": "This file is the main entry point for a React application. It initializes the React app by attaching it to the DOM element with id 'root', and renders the top-level <App /> component within React.StrictMode.", "external_files": ["react", "react-dom/client", "./index.css", "./App"], "external_methods": ["ReactDOM.createRoot", "root.render"], "published": [], "classes": [], "methods": [], "calls": ["ReactDOM.createRoot", "root.render", "document.getElementById", "<React.StrictMode>", "<App />"], "search-terms": ["React", "ReactDOM", "main", "index.js", "entry point", "React.StrictMode", "App component"], "state": 2, "file_id": 8, "knowledge_revision": 22, "git_revision": "12b81969db26fe4680f5e1995bb1c7d041418608", "ctags": [{"_type": "tag", "name": "root", "path": "/home/kavia/workspace/code-generation/gourmet-delivery-platform-202466-202476/frontend_web/src/index.js", "pattern": "/^const root = ReactDOM.createRoot(document.getElementById('root'));$/", "language": "JavaScript", "kind": "constant"}], "hash": "9fc5841375336fc175b49f8767a11383", "format-version": 4, "code-base-name": "frontend_web", "filename": "frontend_web/src/index.js", "revision_history": [{"22": "12b81969db26fe4680f5e1995bb1c7d041418608"}]}