{"is_source_file": true, "format": "JavaScript (React JSX)", "description": "This file defines the main React component 'App' for a web frontend. It manages a theme toggle state (light/dark) and applies it to the document. The component renders a button to toggle themes, a logo image, some instructional text, theme display, and a link to React documentation.", "external_files": ["./logo.svg", "./App.css"], "external_methods": [], "published": ["App"], "classes": [], "methods": [{"name": "App()", "description": "React functional component that manages theme state and renders UI.", "scope": "", "scopeKind": ""}, {"name": "toggleTheme", "description": "Function to switch between 'light' and 'dark' themes, updating the state."}], "calls": ["useState", "useEffect", "document.documentElement.setAttribute"], "search-terms": ["React component", "theme toggle", "useState", "useEffect", "App.js", "theme switch", "React JSX", "frontend React component"], "state": 2, "file_id": 7, "knowledge_revision": 20, "git_revision": "12b81969db26fe4680f5e1995bb1c7d041418608", "ctags": [{"_type": "tag", "name": "App", "path": "/home/kavia/workspace/code-generation/gourmet-delivery-platform-202466-202476/frontend_web/src/App.js", "pattern": "/^function App() {$/", "language": "JavaScript", "kind": "function", "signature": "()"}, {"_type": "tag", "name": "Switch to ${theme === 'light' ? 'dark' : 'light'} mode", "path": "/home/kavia/workspace/code-generation/gourmet-delivery-platform-202466-202476/frontend_web/src/App.js", "pattern": "/^          aria-label={`Switch to ${theme === 'light' ? 'dark' : 'light'} mode`}$/", "language": "JavaScript", "kind": "field", "scope": "App.aria", "scopeKind": "class"}, {"_type": "tag", "name": "toggleTheme", "path": "/home/kavia/workspace/code-generation/gourmet-delivery-platform-202466-202476/frontend_web/src/App.js", "pattern": "/^          onClick={toggleTheme}$/", "language": "JavaScript", "kind": "field", "scope": "App.onClick", "scopeKind": "class"}], "hash": "b55dd9e6a018e59207d8e277dffd9e11", "format-version": 4, "code-base-name": "frontend_web", "filename": "frontend_web/src/App.js", "fields": [{"name": "aria-label={`Switch to ${theme === 'light' ? 'dark' : 'light'} mode`}", "scope": "App.aria", "scopeKind": "class", "description": "unavailable"}, {"name": "onClick={toggleTheme}", "scope": "App.onClick", "scopeKind": "class", "description": "unavailable"}], "revision_history": [{"20": "12b81969db26fe4680f5e1995bb1c7d041418608"}]}