{"is_source_file": false, "format": "", "description": "", "external_files": [], "external_methods": [], "published": [], "classes": [], "methods": [], "calls": [], "search-terms": [], "state": 2, "file_id": 3, "knowledge_revision": 28, "git_revision": "1180a2bc0ebe8a606fe068f7d1de806598067c41", "revision_history": [{"17": "12b81969db26fe4680f5e1995bb1c7d041418608"}, {"28": "1180a2bc0ebe8a606fe068f7d1de806598067c41"}], "hash": "ff8a8c816abae129c5b63ef7ea8e5c0a", "format-version": 4, "code-base-name": "frontend_web", "filename": "frontend_web/package.json"}