{"is_source_file": false, "format": "", "description": "", "external_files": [], "external_methods": [], "published": [], "classes": [], "methods": [], "calls": [], "search-terms": ["CSS Variables", "Theme Management", ".App", ".theme-toggle"], "state": 2, "file_id": 11, "knowledge_revision": 24, "git_revision": "12b81969db26fe4680f5e1995bb1c7d041418608", "hash": "22f9e17cc1848b56dbb244518ac2707e", "format-version": 4, "code-base-name": "frontend_web", "filename": "frontend_web/src/App.css", "revision_history": [{"24": "12b81969db26fe4680f5e1995bb1c7d041418608"}]}