{"is_source_file": true, "format": "JavaScript", "description": "Test setup file for configuring custom jest matchers provided by '@testing-library/jest-dom' to enhance DOM assertions in tests.", "external_files": ["@testing-library/jest-dom"], "external_methods": ["expect.toHaveTextContent"], "published": [], "classes": [], "methods": [], "calls": ["import '@testing-library/jest-dom'"], "search-terms": ["setupTests", "jest-dom", "testing-library", "custom matchers"], "state": 2, "file_id": 10, "knowledge_revision": 25, "git_revision": "12b81969db26fe4680f5e1995bb1c7d041418608", "ctags": [], "hash": "1a77571e1a8cf36018a41bcedf60db75", "format-version": 4, "code-base-name": "frontend_web", "filename": "frontend_web/src/setupTests.js", "revision_history": [{"25": "12b81969db26fe4680f5e1995bb1c7d041418608"}]}