{"is_source_file": true, "format": "JavaScript (ES Modules)", "description": "ESLint configuration module defining linting rules and plugin integrations for JavaScript and React projects.", "external_files": ["@eslint/js", "eslint-plugin-react"], "external_methods": ["pluginJs", "pluginReact"], "published": [], "classes": [], "methods": [{"name": "default", "description": "Default exported ESLint configuration array, specifying file patterns, language options, globals, rules, and plugin configurations."}], "calls": ["pluginJs", "pluginReact"], "search-terms": ["eslint", "eslint.config", "react", "linting", "ES Modules", "rules", "plugins", "configuration"], "state": 2, "file_id": 4, "knowledge_revision": 18, "git_revision": "12b81969db26fe4680f5e1995bb1c7d041418608", "hash": "be6538e7523bc2e9da0743133d784136", "format-version": 4, "code-base-name": "frontend_web", "filename": "frontend_web/eslint.config.mjs", "revision_history": [{"18": "12b81969db26fe4680f5e1995bb1c7d041418608"}]}