{"is_source_file": false, "format": "", "description": "", "external_files": [], "external_methods": [], "published": [], "classes": [], "methods": [], "calls": [], "search-terms": [], "state": 2, "file_id": 3, "knowledge_revision": 17, "git_revision": "12b81969db26fe4680f5e1995bb1c7d041418608", "hash": "d001d53c059625c4bcf75bf5a7f3fcf0", "format-version": 4, "code-base-name": "frontend_web", "filename": "frontend_web/package.json", "revision_history": [{"17": "12b81969db26fe4680f5e1995bb1c7d041418608"}]}