{"is_source_file": false, "format": "", "description": "", "external_files": [], "external_methods": [], "published": [], "classes": [], "methods": [], "calls": [], "search-terms": [], "state": 2, "file_id": 2, "knowledge_revision": 15, "git_revision": "12b81969db26fe4680f5e1995bb1c7d041418608", "hash": "d9d975cebe2ec20b6c652e1e4c12ccf0", "format-version": 4, "code-base-name": "frontend_web", "filename": "frontend_web/public/manifest.json", "revision_history": [{"15": "12b81969db26fe4680f5e1995bb1c7d041418608"}]}