{"is_source_file": false, "format": "", "description": "", "external_files": [], "external_methods": [], "published": [], "classes": [], "methods": [], "calls": [], "search-terms": [], "state": 2, "file_id": 1, "knowledge_revision": 14, "git_revision": "12b81969db26fe4680f5e1995bb1c7d041418608", "hash": "d2b40d02d5f7873d8a6713bad837edd4", "format-version": 4, "code-base-name": "frontend_web", "filename": "frontend_web/public/index.html", "revision_history": [{"14": "12b81969db26fe4680f5e1995bb1c7d041418608"}]}