{"is_source_file": false, "format": "", "description": "", "external_files": [], "external_methods": [], "published": [], "classes": [], "methods": [], "calls": [], "search-terms": [], "state": 2, "file_id": 6, "knowledge_revision": 16, "git_revision": "12b81969db26fe4680f5e1995bb1c7d041418608", "hash": "6c2104b8d219ed99234ae2d6329f4357", "format-version": 4, "code-base-name": "frontend_web", "filename": "frontend_web/src/index.css", "revision_history": [{"16": "12b81969db26fe4680f5e1995bb1c7d041418608"}]}