{"is_source_file": false, "format": "", "description": "", "external_files": [], "external_methods": [], "published": [], "classes": [], "methods": [], "calls": [], "search-terms": [], "state": 2, "file_id": 13, "knowledge_revision": 27, "git_revision": "1180a2bc0ebe8a606fe068f7d1de806598067c41", "hash": "61ef14a9780590487a39b4e28c74e95a", "format-version": 4, "code-base-name": "frontend_web", "filename": "interfaces/backend_api_openapi.json", "revision_history": [{"27": "1180a2bc0ebe8a606fe068f7d1de806598067c41"}]}